SET NAMES 'UTF8';
INSERT INTO `form_field` (`id`,`type`, `size`, `value`, `label`, `comment`, `help`, `rating`, `xml_name`, `xml_desc`) VALUES
(92,'float',NULL,NULL,'Расстояние от МКАД','','км.','5','mcad_dist',NULL),
(93,'integer',4,NULL,'Количество участков','',NULL,'5','sectors_cnt',NULL),
(94,'float', NULL, NULL, 'Мин. площадь участка', 'Мин. площадь участка (коттеджные поселки)', 'сот.', 1, 'min-area-square', 'Минимальная площадь участка'),
(95,'float', NULL, NULL, 'Макс. площадь участка', 'Макс. площадь участка (коттеджные поселки)', 'сот.', 1, 'max-area-square', 'Максимальная площадь участка'),
(96,'price', NULL, NULL, 'Мин. цена участка', 'Мин. цена участка (коттеджные поселки)', NULL, 3, 'min-area-price', 'Минимальная цена участка'),
(97,'price', NULL, NULL, 'Макс. цена участка', 'Макс. цена участка (коттеджные поселки)', NULL, 3, 'max-area-price', 'Максимальная цена участка'),
(98,'float', NULL, NULL, 'Мин. площадь дома', 'Мин. площадь дома (коттеджные поселки)', 'кв.м.', 1, 'min-house-square', 'Минимальная площадь дома'),
(99,'float', NULL, NULL, 'Макс. площадь дома', 'Макс. площадь дома (коттеджные поселки)', 'кв.м.', 1, 'max-house-square', 'Максимальная площадь дома'),
(100,'price', NULL, NULL, 'Мин. цена дома', 'Мин. цена дома (коттеджные поселки)', NULL, 3, 'min-house-price', 'Минимальная цена дома'),
(101,'price', NULL, NULL, 'Макс. цена дома', 'Макс. цена дома (коттеджные поселки)', NULL, 3, 'max-house-price', 'Максимальная цена дома'),
(102,'float', NULL, NULL, 'Мин. площадь таунхауса', 'Мин. площадь таунхауса (коттеджные поселки)', 'кв.м.', 1, 'min-townhouse-square', 'Минимальная площадь таунхауса'),
(103,'float', NULL, NULL, 'Макс. площадь таунхауса', 'Макс. площадь таунхауса (коттеджные поселки)', 'кв.м.', 1, 'max-townhouse-square', 'Максимальная площадь таунхауса'),
(104,'price', NULL, NULL, 'Мин. цена таунхауса', 'Мин. цена таунхауса (коттеджные поселки)', NULL, 3, 'min-townhouse-price', 'Минимальная цена таунхауса'),
(105,'price', NULL, NULL, 'Макс. цена таунхауса', 'Макс. цена таунхауса (коттеджные поселки)', NULL, 3, 'max-townhouse-price', 'Максимальная цена таунхауса'),
(106,'input',NULL,NULL,'Название посёлка',NULL,NULL,5,NULL,NULL),
(107, 'multiple', NULL, 'Дом/Коттедж\r\nТаунхаусы и Дуплексы\r\nУчасток\r\nУчасток с подрядом', 'Тип предложения', 'Тип предложения (коттеджные поселки)', NULL, 3, 'types', NULL),
(108, 'select', NULL, 'да\r\nнет', 'Вторичный рынок', 'Вторичный рынок (коттеджные поселки)', NULL, 0, 'secondary-market', NULL);

INSERT INTO `form_item` (`type`, `field_id`, `position`, `required`, `show_additional_header`) VALUES
('cottage-sale', 92, 3, 0, 0),
('cottage-sale', 93, 4, 0, 0),
('cottage-sale', 94, 5, 0, 0),
('cottage-sale', 95, 6, 0, 0),
('cottage-sale', 96, 7, 0, 0),
('cottage-sale', 97, 8, 0, 0),
('cottage-sale', 98, 9, 0, 0),
('cottage-sale', 99, 10, 0, 0),
('cottage-sale', 100, 11, 0, 0),
('cottage-sale', 101, 12, 0, 0),
('cottage-sale', 102, 13, 0, 0),
('cottage-sale', 103, 14, 0, 0),
('cottage-sale', 104, 15, 0, 0),
('cottage-sale', 105, 16, 0, 0),
('cottage-sale', 106, 1, 0, 0),
('cottage-sale', 107, 2, 0, 0);

INSERT INTO `theme`(`id`, `title`) VALUES (14, 'Коттеджные поселки');

INSERT INTO `landing_page`
(`url`, `h1`, `title`, `description`, `keywords`, `seo_text`, `params`, `query`, `region_id`, `type`, `lot_title_prefix`, `latitude`, `longitude`) VALUES 
('poselki','Коттеджные поселки Подмосковья',
	'Коттеджные поселки Подмосковья, купить коттедж в коттеджном поселке Подмосковья, купить дом в поселке без посредников, цены и отзывы о поселках',
	'Коттеджные поселки Подмосковья, купить коттедж в коттеджном поселке Подмосковья, купить дом в поселке без посредников, цены и отзывы о поселках',
	'Коттеджные поселки Подмосковья, купить коттедж в коттеджном поселке Подмосковья, купить дом в поселке без посредников, цены и отзывы о поселках',
	NULL,'a:8:{s:8:"currency";s:3:"RUR";s:5:"field";a:1:{i:107;a:1:{s:2:"or";a:1:{i:0;s:21:"Дом/Коттедж";}}}s:13:"location-type";s:4:"form";s:13:"map-maximized";s:1:"0";s:9:"region_id";s:2:"50";s:16:"restore_advanced";s:1:"1";s:4:"sort";s:11:"rating-desc";s:4:"type";s:12:"cottage-sale";}','#c/RUR/l/form/m/0/r/50/ra/1/s/rating-desc/f107/Dom--Kottedzh/page/1',50,'cottage-sale',NULL,'55.340396','38.2917651'),
('townhouse',
	'Таунхаусы и дуплексы в Подмосковье',
	'Таунхаусы в Подмосковье, купить таунхаус в Подмосковье без посредников, дуплексы в Подмосковье, цены и отзывы',
	'Таунхаусы в Подмосковье, купить таунхаус в Подмосковье без посредников, дуплексы в Подмосковье, цены и отзывы',
	'Таунхаусы в Подмосковье, купить таунхаус в Подмосковье без посредников, дуплексы в Подмосковье, цены и отзывы',
	NULL,'a:8:{s:8:"currency";s:3:"RUR";s:5:"field";a:1:{i:107;a:1:{s:2:"or";a:1:{i:0;s:38:"Таунхаусы и Дуплексы";}}}s:13:"location-type";s:4:"form";s:13:"map-maximized";s:1:"0";s:9:"region_id";s:2:"50";s:16:"restore_advanced";s:1:"1";s:4:"sort";s:11:"rating-desc";s:4:"type";s:12:"cottage-sale";}','#c/RUR/l/form/m/0/r/50/ra/1/s/rating-desc/f107/Taunhausyi+i+Dupleksyi/page/1',50,'cottage-sale',NULL,'55.340396','38.2917651'),
('uchastki',
	'Участки в коттеджных поселках в Подмосковье',
	'Участки в Подмосковье, участки в коттеджных поселках Подмосковья без подряда, купить участок в поселке Подмосковья без посредников, цены и отзывы',
	'Участки в Подмосковье, участки в коттеджных поселках Подмосковья без подряда, купить участок в поселке Подмосковья без посредников, цены и отзывы',
	'Участки в Подмосковье, участки в коттеджных поселках Подмосковья без подряда, купить участок в поселке Подмосковья без посредников, цены и отзывы',
	NULL,'a:8:{s:8:"currency";s:3:"RUR";s:5:"field";a:1:{i:107;a:1:{s:2:"or";a:1:{i:0;s:14:"Участок";}}}s:13:"location-type";s:4:"form";s:13:"map-maximized";s:1:"0";s:9:"region_id";s:2:"50";s:16:"restore_advanced";s:1:"1";s:4:"sort";s:11:"rating-desc";s:4:"type";s:12:"cottage-sale";}','#c/RUR/l/form/m/0/r/50/ra/1/s/rating-desc/f107/Uchastok/page/1',50,'cottage-sale',NULL,'55.340396','38.2917651'),	
('root',
	'Коттеджные поселки, таунхаусы и участки Подмосковья',
	'Коттеджные поселки Подмосковья, участки в Подмосковье, таунхаусы в Подмосковье, купить коттедж, дом, участок в коттеджном поселке, цены и отзывы',
	'Коттеджные поселки Подмосковья, участки в Подмосковье, таунхаусы в Подмосковье, купить коттедж, дом, участок в коттеджном поселке, цены и отзывы',
	'Коттеджные поселки Подмосковья, участки в Подмосковье, таунхаусы в Подмосковье, купить коттедж, дом, участок в коттеджном поселке, цены и отзывы',
	NULL,'a:7:{s:8:"currency";s:3:"RUR";s:13:"location-type";s:4:"form";s:13:"map-maximized";s:1:"0";s:9:"region_id";s:2:"50";s:16:"restore_advanced";s:1:"1";s:4:"sort";s:11:"rating-desc";s:4:"type";s:12:"cottage-sale";}','#c/RUR/l/form/m/0/r/50/ra/1/s/rating-desc',50,'cottage-sale',NULL,'55.340396','38.2917651');